Titulo;Autor;Etiquetas;Año;Ubicación
100 Recetas de Tortillas;Carmen Sala;Cocina;0;1.3
1934. La Guerra civil empezo en Asturias;Angel Palomino;Otro;1998;1.2.2
365  recetas;Karlos Arguiñano;Cocina;2019;1.1.2.2
A Foreigner in Britain;Ramon Ybarra & Fiona Smith;Educativo;2013;3.1.1.2
Alguien que no soy;Elízabet Benavent;Otro;2016;2.2
Alto riesgo;Ken Follett;Novela;2001;1.2.4
Andrea y Andrés;Concha López Narváez;Infantil;1999;2.1
Ángeles y Demonios;Dan Brown;Thriller;0;1.1.1.2
Anotaciones sobre psicologia del lenguaje y del pensamiento;Raquel Rodriguez Gonzalez;Educativo;0;3.1.3.1
Antología poética;Rafael Alberti;Otro;0;1.1.1.2
Apuntes de Fisica;Circulo de lectores;Educativo;2008;3.1.3.1
Apuntes de ingles;Parramón Ediciones;Aprendizaje;2007;2.1
Apuntes de matemáticas;Parramón Ediciones;Aprendizaje;2007;2.1
Apuntes de Psicologia de la motivacion;Raquel Rodriguez Gonzalez;Educativo;0;3.1.1.1
Arboles y arbustos naturales de Asturias;Jose Maria Fernandez & Diaz-Formenti;Manual y guías;2021;2.2
Arroz;El pais;Cocina;0;1.3
Arzak. Secretos de cocina;Arzak;Cocina;0;2.2
Asterix El Galo ;El pais;Comic;2005;1.2.2
Astur;Isabel San Sebastián;Novela;2008;1.1.2.2
Asturias;Gaspar Melchor de Jovellanos;Manual y guías;2002;1.2.2
Asturias canciones;Inmaculada Quintanal;Canciones;1980;2.1
Asturias Conocer España;National Geographic;Manual y guías;2007;1.2.2
Asturias El viajero 1;El Pais;Manual y guías;2005;1.2.2
Asturias El viajero 2;El Pais;Manual y guías;2005;1.2.2
Atada a ti;Sylvia Day;Otro;2013;3.1.2.2
Atlas de Historia de España;Fernando Garcia de Cortazar;Atlas;2006;1.2.2
Atlas Ilustrado de La Legion;Susaeta;Atlas;2013;1.2.3
Atlas Mundial;El pais ;Atlas;1998;1.1.3.1
Atlas Mundial;Larousse;Atlas;1994;1.2.1
Aún quedan piratas en la Costa de la Muerte;Consuelo Jiménez de Cisneros;Infantil;2004;2.1
Autoescuela temario;La gallega;Manual y guías;0;2.2
Auxilio Judicial, administración de Justicia;Adams;Educativo;2008;3.1.1.3
Auxilio Judicial, casos practicos de diligencias judiciales;Adams;Educativo;2008;3.1.1.3
Ayudale a Crecer;Nestle;Manual y guías;0;3.1.1.1
Azul Venezia;Marina G.Torrus;Otro;2020;1.1.3.2
Bajo un cielo escarlata;Mark Sullivan;Novela;0;1.1.1.2
Barbarroja invasion de Rusia;John Keegan;Guerra;1970;3.1.1.2
Bases para una didactica de la educacion fisica y el deporte;Fernando Sanchez Bañuelos;Educativo;1986;3.1.3.1
Becas flacas;Tom Sharpe;Novela;1995;1.1.1.1
Bernabe (El mito de un bandolero);Jose R. Gomez Fouz;Otro;1993;1.2.2
Boy;Roald Dahl;Cuento;1996;3.1.1.1
Breve historia de España;F. Garcia de Cortazar & J.M. Gonzalez Vesga;Otro;1998;1.2.2
Buceador una Estrella;Fedas;Manual y guías;1995;3.1.1.1
Burlando a la parca;Josh Bazel;Novela;0;1.1.1.1
Cabo trafalgar;Arturo Pérez-Reverte;Acción y aventuras;2005;1.1.3.2
Calle de Rivero;Eduardo Gonzalez Suarez;Otro;0;1.2.2
Cánovas;Benito Pérez Galdós;Novela;2008;1.1.1.1
Cantar del Mio Cid;Desconocido;Clásico Español;1999;1.2.4
Cartas Cruzadas;Marcus Zusak;Otro;2012;3.2.1
Carteles de Historia;Salvat;Historia;1979;1.2.3
Cezanne ;Constance Naubert-riser;Arte;1993;1.1.2.1
Charlie y la fábrica de chocolate;Roald Dahl;Infantil;2006;2.1
Charlie yand the chocolate factory ;Roald Dahl;Cuento;1997;3.1.1.1
Chico malo;Carl Hiaasen;Novela;2002;1.1.2.2
Cicatriz;Juan Gomez Jurado ;Novela;2021;1.1.1.1
Ciencias de la Tierra y del Universo;El pais ;Educativo;2005;1.2.1
Cincuenta sombras de Grey;E.L James;Otro;2012;3.1.2.2
Cincuenta sombras liberadas;E.L James;Otro;2012;3.1.2.2
Cincuenta sombras mas oscuras;E.L James;Otro;2012;3.1.2.2
Circo Maximo;Santiago Posteguillo;Novela;0;3.2.3
Cocina sencilla con microondas;Academia de la cocina española;Cocina;1993;1.1.2.2
Codigo Civil;Aranzadi;Educativo;2000;3.1.3.1
Comida sana para chicas con prisa;Zenith;Cocina;2018;2.2
Comienza la aventura con las tres mellizas;Danone;Infantil;0;2.1
Como agua para chocolate;Laura Esquivel;Novela;0;2.2
Como detener Caidas en Escalada;Tino Nuñez;Deportes;0;2.1
Confeccion de cortinas y estores;Dorothy Wood;Manual y guías;2001;1.1.3.1
Conjugacion;Larousse;Educativo;1996;3.1.3.1
Conocimientos Tecnologicos Marineros;Subsecretaria de pesca y marina mercante;Manual y guías;1978;3.1.1.1
Corsarios de levante;Arturo Pérez-Reverte;Acción y aventuras;2006;1.1.3.2
Crepúsculo;Stephenie Meyer;Novela;2008;2.2
Crónicas del rey oasnadi;Gonzalo Torrente Ballester;Novela;1989;1.1.2.2
Cry Freedom;John Briley;Cuento;1995;3.1.1.1
Cuando éramos honrados mercenarios;Arturo Pérez-Reverte;Otro;2009;1.1.3.2
Cuando sale la reclusa;Fred Vargas;Otro;2018;3.2.2
Cuentos ¡Uno para cada día!;Susaeta;Cuento;2000;2.1
Cuentos cortos para dormir;Bruño;Cuento;2002;2.1
Cuentos de 5 minutos;Grafalco;Cuento;1996;2.1
Cuentos para 365 días;Gloria Fuertes;Cuento;1999;2.1
Cuerpo de Gestion Procesal y administrativa;MAD;Educativo;2006;3.1.3.1
Cuidados del Material de Escalada;Esther Bullido;Deportes;0;2.1
Curso Completo de Fotografia;Michael Joseph & Dave Saunders;Educativo;1999;3.2.3
Curso Completo de Mecanografia;Editex;Educativo;1980;3.1.3.1
Curso de fotografia digital;-;Educativo;0;1.1.3.1
Curso de Italiano 1;Planeta Agostini;Curso idioma;1987;3.2.4
Curso de Italiano 2;Planeta Agostini;Curso idioma;1987;3.2.4
Curso de Italiano 3;Planeta Agostini;Curso idioma;1987;3.2.4
Curso de Italiano 4;Planeta Agostini;Curso idioma;1987;3.2.4
Curso de Italiano 5;Planeta Agostini;Curso idioma;1987;3.2.4
Curso de Italiano 6;Planeta Agostini;Curso idioma;1987;3.2.4
Curso practico de bolsa;Cinco dias;Educativo;1997;3.1.1.1
Dalí ;Eric Shanes;Arte;1994;1.1.2.1
Decoracion de Habitaciones infantiles;Linda Barker;Bricolaje;1997;1.1.3.1
Decoracion Practica;Todo para casa;Bricolaje;1990;3.1.1.2
Democracia, erotismo y pornografía ;Frederik Koning;Sexualidad;0;2.2
Días de abril;Cecilia Domínguez Luis;Infantil;2005;2.1
Dias de Infamia;Michael Coffey;Otro;2006;1.2.2
Días de reyes magos;Emilio Pascual;Cuento;1999;2.2
Diccionario basico frances;Langenscheidt;Diccionario;2002;2.2
Diccionario Botanico Canario;G.Kunkel;Botánica;1991;2.2
Diccionario de la Lengua Española a/g;Espasa;Diccionario;2005;1.2.3
Diccionario de la Lengua Española h/z;Espasa;Diccionario;2006;1.2.3
Diccionario escolar de la lengua española;Santillana;Diccionario;2001;2.2
Diccionario español-inglés;Todolibro;Diccionario;0;2.1
Diccionario Italiano-Español;Planeta Agostini;Diccionario;1988;3.2.3
Diccionario Italiano-Español;Sopena;Diccionario;1993;3.2.4
Diccionario Italiano-Español;VOX Mini;Diccionario;1996;3.2.4
Diccionario planeta de la lengua española usual;Planeta;Diccionario;1992;2.2
Diccionario Primaria;Sm;Diccionario;0;2.1
Diccionario Español - Italiano;Sopena;Diccionario;1993;3.2.4
Diseño gráfico. Nuevos fundamentos;Ellen Lupton;Arte;2014;2.2
Disfraces divertidos;Jacqueline Russon;Bricolaje;1999;1.1.3.1
"Division Panzer ""el puño acorazado""";K.JMacksey, M.G.;Guerra;1968;3.1.1.2
Doble juego;Ken Follett;Novela;2002;1.2.4
Don Juan Tenorio;José Zorrilla;Clásico Español;2000;1.2.4
Don Quijote de la Mancha;Miguel de Cervantes;Clásico Español;2001;1.2.4
Droga Sociedad;Lucien J.Engelmajer;Otro;1986;3.1.1.1
Ébano;Alberto Vázquez-Figueroa;Novela;1991;1.1.1.2
El Afgano;Federick Forsyth;Otro;2014;3.2.3
El alcalde de Zalamea;Pedro Calderon de la Barca;Clásico Español;2000;1.2.4
El alquimista;Paulo Coelho;Novela;1990;1.1.2.2
El Alquimista y otros relatos;H.P. Lovecraft;Otro;2009;1.2.2
El amante;Marguerite Duras;Otro;2008;3.1.2.2
El amante de Lady Chatterly;D.H.Lawrence;Otro;2014;2.3
El animal social;David Brooks;Otro;2016;2.3
El animal social;Elliot Aronson;Educativo;0;3.1.1.1
El arte de amar ;Erich Fromm;Filosofía;2017;2.2
El arte de matar dragones;Ignacio del valle;Otro;2016;3.1.1.3
El arte frances de la guerra;Alexis Jenni;Otro;2015;3.2.3
El asedio;Arturo Pérez-Reverte;Acción y aventuras;2010;1.1.3.2
El atlas de las nubes;David Mitchell ;Novela;2004;1.1.1.2
El caballero del jubón amarillo;Arturo Pérez-Reverte;Acción y aventuras;2003;1.1.3.2
El capitán alatriste;Arturo Pérez-Reverte;Acción y aventuras;1996;1.1.3.2
El carro pesado Königstiger;Osprey;Manual y guías;2010;3.1.1.2
El cartero de Neruda ;Antoni Skármeta;Otro;2010;2.2
El clan del oso cavernario;Jaen M. Anel ;Novela;1980;1.1.1.1
El Club de los viernes;Kate Jacobs;Otro;2009;3.2.1
El club Dumas;Arturo Pérez-Reverte;Acción y aventuras;1995;1.1.3.2
El codigo Da Vinci;Dan Brown;Novela;2003;1.2.4
El comisario;Sven Hassel;Novela;0;3.1.1.1
El complot de las flores;Andrea Ferrai;Infantil;2003;2.1
El Criticón;Baltasar Gracián;Clásico Español;2001;1.2.4
El cultivo ecológico. Huerto y Jardín;Alain Pruneau;Botánica;0;2.2
El Deporte I;El Pais;Deportes;2006;1.2.3
El día de la batalla;Rick Atkinson;Guerra;2007;3.1.1.3
El dia que España derroto a Inglaterra;Pablo Victoria;Historia;2017;3.2.2
El Doctos Zhivago;Boris Pasternak;Novela;0;1.1.1.1
El enigma Goya;Manuel Ayllon;Novela;2005;1.1.1.1
El fantastico libro de los juegos;Susan Adams;Bricolaje;1997;1.1.3.1
El gran libro de consulta;El pais ;Educativo;1995;1.2.1
El gran libro de la costura;Alison Smith;Manual y guías;0;3.1.3.1
El gran libro de la fruta ;Bob Flowerdew;Cocina;2006;2.2
El Hada Maribel y el Secreto de las Palabras;Marisa Herrera;Infantil;2011;2.1
El holocausto;Laurence Rees;Otro;2017;3.1.1.3
El hombre de la Plata;León Arsenal;Novela;2000;1.1.1.1
El hombre inquieto;Henning Mankell;Thriller;0;1.1.1.1
El hombre que escribió el código da vinci;Lisa Rogak;Novela;2006;1.1.2.2
El hombre que perseguia su sombra;David Lagercrantz;Otro;2017;3.2.3
El Húsar;Arturo Pérez-Reverte;Acción y aventuras;1997;1.1.3.2
El invierno de la Corona;Jose Luis Corral;Novela;1999;1.1.1.1
El invierno del mundo;Ken Follett;Novela;2012;3.2.1
El invierno en tu rostro ;Carla Montero;Otro;2016;2.3
El italiano;Arturo Perez Reverte;Novela;2021;1.1.3.2
El Juego del Angel;Carlos Ruiz Zafon;Novela;2009;3.2.3
El laberinto de los espiritus;Carlos Ruiz Zafón;Otro;1932;3.1.1.3
El lenguaje administrativo Teoria y Practica;CSIF;Educativo;1998;3.2.1
El libro de las Tecnicas de Cocina;El Pais;Cocina;0;1.3
El libro de los buenos modales;Vicent Jefferds;Infantil;1985;2.1
El libro de los hechos insolitos;Gregorio Doval;Otro;1998;1.2.2
El libro del P.N.B;ALfonso Jordana;Manual y guías;2014;3.1.1.1
El libro del punto;Angeles Nadal;Otro;0;3.2.1
El maestro de esgrima;Arturo Pérez-Reverte;Acción y aventuras;1988;1.1.3.2
El masaje de los niños;Peter Walker;Manual y guías;1994;3.1.1.1
El medico ;Noah Gordon;Otro;2006;3.1.2
El menu de Cada Dia 1;Karlos Arguiñano;Cocina;1992;1.3
El menu de Cada Dia 2;Karlos Arguiñano;Cocina;1992;1.3
El mono desnudo ;Desmond Morris;Novela;1990;3.1.1.1
El Murcielago;Jo Nesbo;Otro;2015;3.2.1
El niño con el pijama de rayas;John Boyne;Novela;2007;2.1
El ocho ;Katherine Neville;Novela;1996;1.2.4
El oro del rey;Arturo Pérez-Reverte;Acción y aventuras;2000;1.1.3.2
El otro barrio;Elvira Lindo;Novela;1998;1.1.2.2
El perfume;Patrick Suskind;Novela;1992;1.1.2.2
El pintor de batallas;Arturo Pérez-Reverte;Acción y aventuras;2006;1.1.3.2
El pirata que robó las estrellas ;Carlos Cano;Infantil;1999;2.1
El poder del ahora;Eckhart Tolle;Autoayuda;0;2.2
El príncipe de la niebla;Carlos Ruiz Zafón ;Novela;1993;2.1
EL Principito;Antonie de Saint-Exupery;Otro;2016;2.3
El prisionero del Cielo;Carlos Ruiz Zafón ;Novela;2011;1.1.1.1
El puento de los asesinos;Arturo Pérez-Reverte;Acción y aventuras;2011;1.1.3.2
El Rabino;Noah Gordon;Novela;2008;1.1.2.2
El realismo y el impresionismo;El país;Arte;2006;1.1.2.1
El regreso de los maquis ;Carlos G.Reigosa;Otro;1993;1.2.2
El Relicario;Douglas Preston & Lincoln Child;Otro;1998;3.2.1
El reverso de la Historia;Pedro Voltes;Otro;0;1.2.2
El robinson urbano;Antonio Muñoz Molina;Otro;1993;1.1.2.2
El sí de las niñas;Leandro Fernández de Moratín;Clásico Español;2001;1.2.4
El sol de breda;Arturo Pérez-Reverte;Acción y aventuras;1998;1.1.3.2
El talento de Mr.Ripley;Patricia Highsmith;Novela;2004;3.1.1.1
El temible blott;Tom Sharpe;Novela;1975;1.1.1.1
EL tercer Gemelo;Ken Follett;Novela;2002;3.1.1.1
El Tercer Reich: Las SS;Time Life;Guerra;1995;3.1.1.2
El tiempo de los emperadores extraños;Ignacio del valle;Otro;2006;3.1.1.3
El tiempo escondido;Joaquin M. Barrero;Otro;2006;1.2.2
El último judío;Noah Gordon;Otro;2006;3.1.2
El umbral de la eternidad;Ken Follett;Novela;2014;3.2.1
El valle de los caballos;Jaen M. Anel ;Novela;1982;1.1.1.1
El valor de educar ;Fernando Savater;Educativo;1997;1.1.2.2
Elige tu menu;Circulo de lectores;Cocina;0;1.3
En el Blanco;Ken Follett;Novela;0;3.1.1.1
En la linea de fuego;Arturo Perez Reverte;Novela;2020;1.1.3.2
Enjuiciamiento civil;Civitas;Educativo;1991;3.1.3.1
Enjuiciamiento civil;Civitas;Educativo;1993;3.1.3.1
Enterra a los muertos;Ignacio Martinez de Pison;Otro;2015;1.2.2
Equipos de combate alemanes;Osprey;Manual y guías;2010;3.1.1.2
Escalada en Tenerife;Otros autores;Deportes;2019;2.2
Escalada Iniciacion placer y progresion;Arnaud Petit;Deportes;2020;2.1
Espacios y monumentos naturales de Asturias 1;La voz de Asturias ;Paisaje;0;1.2.2
Espacios y monumentos naturales de Asturias 2;La voz de Asturias ;Paisaje;0;1.2.2
España desde el aire 1;Circulo de Lectores;Paisaje;2003;1.1.3.1
España desde el aire 2;Circulo de Lectores;Paisaje;2003;1.1.3.1
España desde el aire 3;Circulo de Lectores;Paisaje;2003;1.1.3.1
Eva;Arturo Pérez-Reverte;Otro;2020;1.1.3.2
Expresion escrita;Larousse;Educativo;1998;3.1.3.1
Falco;Arturo Pérez-Reverte;Otro;2020;1.1.3.2
Familia no hay más que una y el perro lo encontramos en la calle;Gomaespuma;Novela;1990;1.1.2.2
Fierro;Francisco Narla;Otro;2020;1.1.3.2
Fierro;Francisco Narla;Novela;2020;1.1.1.1
Formacion musical;Real Musical;Educativo;2006;3.1.1.1
Fuente Ovejuna;Lope de Vega;Clásico Español;2000;1.2.4
Fuerteventura;Alberto Vázquez-Figueroa;Novela;1999;1.1.1.2
Gauguin;Peggy Vance;Arte;1993;1.1.2.1
Geronimo Stilton: ¡Quita las patas de la piedra de fuego!;Destino;Infantil;2012;2.1
Geronimo Stilton: Viaje en el Tiempo;Destino;Infantil;2006;2.1
Gran enciclopedia del disparate;El papagayo;Novela;1991;1.1.2.2
Grey ;E.L James;Otro;2016;3.1.2.2
Guia azul Roma;Gaesa;Manual y guías;2006;1.2.4
Guia de Camino SAntiago A pie;Jose Manuel Somavilla;Manual y guías;1999;3.1.1.2
Guia de España;El pais ;Manual y guías;1996;1.2.1
Guia de Gran Canaria;EL pais;Manual y guías;2009;3.1.1.2
Guia de las Tapas de España;Rodrigo Mestre;Manual y guías;1998;1.1.3.1
Guia de los Bosques de Asturias;Jose Maria Fernandez Diaz-Formenti;Manual y guías;1996;1.2.2
Guia de los Embutidos de España;Rodrigo Mestre;Manual y guías;1998;1.1.3.1
Guia de los Quesos de España;Rodrigo Mestre;Manual y guías;1998;1.1.3.1
Guia de los Vinos de España;Rodrigo Mestre;Manual y guías;1998;1.1.3.1
Guia DE Senderos del Municipio de Arona;Arona;Manual y guías;1998;3.1.1.1
Guia Estambul;EL pais;Manual y guías;2008;3.1.1.2
Guia Ilustrada de Buques DE Guerra Actuales;Tecnologia Militar;Manual y guías;1986;3.1.1.2
Guia Italia Norte;Guia Viva;Manual y guías;2008;3.1.1.2
Guia practica de la dieta sana;Circulo de Lectores;Manual y guías;2000;1.1.3.1
Guia practica de la salud infantil;Circulo de Lectores;Manual y guías;2001;1.1.3.1
Guia practica de las medicinas alternativaa;Circulo de Lectores;Manual y guías;2000;1.1.3.1
Guía práctica de vitacultura;Carmen Caraballo Ortega;Manual y guías;1994;2.2
Guia practica para superar el estrés;Circulo de Lectores;Manual y guías;2001;1.1.3.1
Guia visual de pintura y arquitectura;El pais ;Arte;1997;1.2.1
Herodoto;Ángel Camacho Cabrera;Infantil;2008;2.1
HHhH;Laurent Binet;Otro;2012;1.2.2
Historia de españa: los reyes catolicos;Club internacional del libro;Historia;2007;1.1.3.1
Historia de la Segunda Guerra Mundial 1;Salvat;Historia;1979;1.2.3
Historia de la Segunda Guerra Mundial 10;Salvat;Historia;1979;1.2.3
Historia de la Segunda Guerra Mundial 2;Salvat;Historia;1979;1.2.3
Historia de la Segunda Guerra Mundial 3;Salvat;Historia;1979;1.2.3
Historia de la Segunda Guerra Mundial 4;Salvat;Historia;1979;1.2.3
Historia de la Segunda Guerra Mundial 5;Salvat;Historia;1979;1.2.3
Historia de la Segunda Guerra Mundial 6;Salvat;Historia;1979;1.2.3
Historia de la Segunda Guerra Mundial 7;Salvat;Historia;1979;1.2.3
Historia de la Segunda Guerra Mundial 8;Salvat;Historia;1979;1.2.3
Historia de la Segunda Guerra Mundial 9;Salvat;Historia;1979;1.2.3
Historia de O;Pauline Réage;Otro;2013;3.1.2.2
Historia ilustrada de Asturias en 25 fechas clave;Juan Ignacio Ruiz de la Peña;Historia;1999;1.2.2
Historia Universal Los origenes;El pais;Otro;2005;1.2.2
Historia visual del Siglo XX;El pais ;Historia;1998;1.2.1
Hola, aui estoy!;Willy Breinholst;Manual y guías;0;3.1.1.1
Hopper ;Laurence Debecque-Michel;Arte;1994;1.1.2.1
I secondi di terra;Food editore ;Cocina;2009;1.1.2.2
Inferno ;Dan Brown;Novela;2013;3.2.1
Ingles para viajar;Collins;Diccionario;2014;2.2
Inglés Total 1;Cambridge;Curso idioma;2013;3.1.3.2
Inglés Total 10;Cambridge;Curso idioma;2013;3.1.3.2
Inglés Total 11;Cambridge;Curso idioma;2013;3.1.3.2
Inglés Total 12;Cambridge;Curso idioma;2013;3.1.3.2
Inglés Total 13;Cambridge;Curso idioma;2013;3.1.3.2
Inglés Total 14;Cambridge;Curso idioma;2013;3.1.3.2
Inglés Total 15;Cambridge;Curso idioma;2013;3.1.3.2
Inglés Total 16;Cambridge;Curso idioma;2013;3.1.3.2
Inglés Total 17;Cambridge;Curso idioma;2013;3.1.3.2
Inglés Total 18;Cambridge;Curso idioma;2013;3.1.3.2
Inglés Total 19;Cambridge;Curso idioma;2013;3.1.3.2
Inglés Total 2;Cambridge;Curso idioma;2013;3.1.3.2
Inglés Total 20;Cambridge;Curso idioma;2013;3.1.3.2
Inglés Total 21;Cambridge;Curso idioma;2013;3.1.3.2
Inglés Total 22;Cambridge;Curso idioma;2013;3.1.3.2
Inglés Total 23;Cambridge;Curso idioma;2013;3.1.3.2
Inglés Total 24;Cambridge;Curso idioma;2013;3.1.3.2
Inglés Total 25;Cambridge;Curso idioma;2013;3.1.3.2
Inglés Total 26;Cambridge;Curso idioma;2013;3.1.3.2
Inglés Total 27;Cambridge;Curso idioma;2013;3.1.3.2
Inglés Total 28;Cambridge;Curso idioma;2013;3.1.3.2
Inglés Total 29;Cambridge;Curso idioma;2013;3.1.3.2
Inglés Total 3;Cambridge;Curso idioma;2013;3.1.3.2
Inglés Total 4;Cambridge;Curso idioma;2013;3.1.3.2
Inglés Total 5;Cambridge;Curso idioma;2013;3.1.3.2
Inglés Total 6;Cambridge;Curso idioma;2013;3.1.3.2
Inglés Total 7;Cambridge;Curso idioma;2013;3.1.3.2
Inglés Total 8;Cambridge;Curso idioma;2013;3.1.3.2
Inglés Total 9;Cambridge;Curso idioma;2013;3.1.3.2
Ingles-Español-Ingles;VOX;Diccionario;1978;3.1.1.2
Intenciones en arquitectura; Christian Norberg-Schulz;Filosofía;0;2.2
Internet;El pais ;Educativo;2000;1.1.3.1
Internet;El pais;Educativo;0;3.1.3.1
Introduccion a la ecologia ;Phileppie Dreux;Otro;1989;3.1.1.1
Intuición, Acción, Creación;Ellen Lupton;Arte;2015;2.2
Italia. Cocina país por país;El país;Cocina;2005;1.1.2.2
Italiano para Dummies;Onofri Moller;Educativo;2010;2.2
Jaque a la reina blanca;José Miguel Carrillo de Albornoz;Novela;2005;1.1.1.1
Jesus es el señor;Conferencia episcopal española;Religioso;1982;2.1
Jesus es el señor;Conferencia episcopal española;Religioso;2008;2.1
Kama sutra;-;Sexualidad;1993;1.1.2.1
Kandisnsky;Ramón Tío Bellido;Arte;1993;1.1.2.1
Karaoke infantil;Servilibro;Canciones;0;2.1
Kika Superbruja Detective;Knister;Cuento;2003;4.
Kika Superbruja en el castillo de Dracula;Knister;Cuento;2003;4.
Kika Superbruja loca por el fútbol;Knister;Cuento;2003;4.
Kika Superbruja revoluciona la clase;Knister;Cuento;2003;4.
Kika Superbruja Y la ciudad sumergida;Knister;Cuento;2003;4.
Kika Superbruja Y la espada magica;Knister;Cuento;2003;4.
Kika Superbruja Y la magia del circo;Knister;Cuento;2003;4.
Kika Superbruja Y la momia;Knister;Cuento;2003;4.
Kika Superbruja Y los Indios;Knister;Cuento;2003;4.
Kika Superbruja Y los piratas;Knister;Cuento;2003;4.
Klee;Contance Naubert-Riser;Arte;1994;1.1.2.1
L a luz del Oriente;Jesús Sánchez Adalid;Novela;2007;1.1.1.1
La almendra;Nedjma;Novela;2005;1.1.2.2
La batalla de Stalingrado;William Craig;Historia;2007;3.2.1
La Biblia de Master Chef;Master Chef;Cocina;2020;2.1
La biblia en imágenes;Beaumont;Religioso;1974;2.1
La biblia para jóvenes;Edebé;Religioso;1999;2.1
La Caida de los Gigantes;Ken Follett;Novela;2010;3.2.1
La carta esférica;Arturo Pérez-Reverte;Acción y aventuras;2000;1.1.3.2
La casa antialergica;Peter Howarth y Anita Reid;Bricolaje;2000;1.1.3.1
La casa de dios ;Samuel Shem;Novela;0;1.1.2.2
La cata de vinos ;Lluis Manel Barna;Cocina;2002;2.2
La Catedral del Mar;Ildefonso falcones;Novela;0;1.1.1.2
La Celestina;Fernando de Rojas;Clásico Español;2000;1.2.4
La cena secreta;Javier Sierra;Otro;2015;3.2.2
La chica que soñaba con una cerilla y un bidón de gasolina;Stieg Larsson;Thriller;2008;1.1.1.2
La ciudad de la alegría ;Dominique Leatierre;Novela;1985;1.1.1.2
La cocina Asturiana 1;La voz de Asturias ;Cocina;0;1.3
La cocina Asturiana 2;La voz de Asturias ;Cocina;0;1.3
La cocina de tu bebé;Consuelo Jurado García;Cocina;1994;1.1.2.2
La Cultura;Dietrish schwanitz;Otro;2002;1.1.1.2
La dama bova;Lope de Vega;Novela;1976;2.2
La desidia;Michele Perrein;Otro;1962;3.1.1.1
La estirpe de la mariposa;Magdalena Lasala;Novela;1999;1.1.1.1
La EStructura del Estado, La Organizacion y Funcionamiento de la ADministracion Publica y el Procedimiento Administrativo;ICEPSS;Educativo;2000;3.1.1.1
La felicidad es lo que pasa entre putada y putada;La prima;Otro;2015;2.2
La flota de alta mar de Hitler;Richard Humble;Guerra;1971;3.1.1.2
La Guerra Civil I ;El Pais;Historia;2006;1.2.3
La Guerra Civil II;El Pais;Historia;2006;1.2.3
La Guia Del Trotamuendos Grecia;G.A.E.S.A;Manual y guías;1994;3.1.1.2
La guia Prenatal ;Prenatal;Manual y guías;1984;3.1.1.1
La Hestoria d`Aviles;Miguel Solis Santos ;Historia;1994;1.2.2
La invasion de Polonia: Blitzkrieg;Steven J.Zaloga;Historia;0;1.1.3.1
La legion Condor;Peter Elstob;Guerra;1973;3.1.1.2
La legión perdida. El sueño de Trajano;Santiago Posteguillo;Historia;2016;1.1.1.2
La llave;Junichiro Tanizaki;Otro;2014;3.1.2.2
La luz en la pintura;Antonio Gala;Arte;0;1.1.2.1
La madre y el niño;Planeta;Manual y guías;0;3.1.1.1
La mano que piensa ;Juhani Oallasmaa;Filosofía;0;2.2
La Mascara Veneciana;Gloria Codina;Otro;2013;3.1.2.2
La metamorfosis;Franz  Kafka;Ciencia ficción;1966;2.1
La monja libertaria;Antonio Rabinad;Otro;1997;3.2.1
La montaña herida ;Jose Maria Castroviejo;Otro;1993;3.1.1.1
La nacion de las plantas;Stefano Mancuso ;Botánica;2018;2.2
La patria lejana;Juan Pablo Fusi;Thriller;2004;1.1.1.2
La piel del tambor;Arturo Pérez-Reverte;Acción y aventuras;1996;1.1.3.2
La playa de los ahogados;Domingo Villar;Thriller;0;1.1.1.1
La princesa de hielo;Camilla Läckberg;Otro;2013;3.1.2
La Reina del Sur;Arturo Pérez-Reverte;Acción y aventuras;2002;1.1.3.2
La republica Española y la Guerra Civil;Gabriel Jackson;Otro;2005;1.2.2
La segunda Guerra Mundial Contada para Escepticos;Juan Eslava Galan ;Novela;2020;+
La sima del Diablo;Heinz Delam;Cuento;2002;2.1
La sombra del águila;Arturo Pérez-Reverte;Acción y aventuras;1993;1.1.3.2
La sombra del viento;Carlos Ruiz Zafon;Otro;0;3.2.3
La sombre del viento;Carlos Ruiz Zafón ;Novela;2001;1.1.1.2
La tabla de Flandes;Arturo Pérez-Reverte;Acción y aventuras;1990;1.1.3.2
La tierra de las cuevas pintadas;Jaen M. Anel ;Novela;2011;1.1.1.1
La traición de Roma;Santiago Posteguillo;Historia;2006;1.1.1.2
La Transicion;El Pais;Historia;2006;1.2.3
La tremenda bruja de la Habana Vieja;Joel Franz Rosell;Infantil;2002;2.1
La última Legión;Valerio Maximo;Historia;0;1.1.1.1
La Ultima Trinchera;Javier Alvarez & Luis Fernando Rodriguez;Otro;2016;3.2.2
La vaca Enriqueta esquía Valcorneta;Xavier Frías Conde;Infantil;2000;2.1
La vaverna de las ideas;Jose Carlos Somoza;Historia;0;1.1.1.1
La verdad sobre el caso Harry Quebert;Joël Dicker;Otro;0;3.2.2
La vida a través del cine;Javier Ocaña;Otro;2003;1.1.1.2
La virgen de los sicarios;Fernando Vallejo;Novela;2006;1.1.2.2
Ladrones de tinta;Alfonso Mateo-Sagasta;Novela;2006;1.1.1.1
Las  fuentes del placer;Haroun Al-Makbzoumi;Sexualidad;1989;1.1.2.2
Las 3 claves de la alimentacion Sana;Clara Colecciones;Cocina;0;1.3
Las almas de Brandon;César Brandon Ndjocu;Otro;2018;2.1
Las aventuras de Pedro Menendez Por Dios y su Rey;Ignacio Sanchez Vicente;Historia;2011;1.2.2
Las aventuras de Tintín: El secreto del unicornio;Hergé;Comic;0;2.1
Las aventuras de Tintín: El tesoro de Rackham el rojo;Hergé;Comic;0;2.1
Las aventuras del capitán alatriste;Arturo Pérez-Reverte;Acción y aventuras;1997;1.1.3.2
Las edades de Lulu;Almudena Grandes;Otro;2015;2.3
Las llanuras del transito;Jaen M. Anel ;Novela;1990;1.1.1.1
Las mejores recetas Top Chef Platos Principales;McDonals;Cocina;2015;1.3
Las mejores recetas Top Chef Postres;McDonals;Cocina;2015;1.3
Las setenta grandes batallas de todos los tiempo;Jeremy Black;Historia;2007;1.1.3.1
Lazarillo de Tormes;Desconocido;Clásico Español;1999;1.2.4
Lenguaje de las flores, el;Kate Greenaway;Botánica;2000;1.1.1.2
León boca negra;Alberto Vázquez-Figueroa;Novela;1998;1.1.1.2
Léxico de la sexualidad;Martin Goldstein;Sexualidad;1981;2.2
Leyendas de los Otori;Lian Hearn;Otro;0;2.2
Libro de la vida;Teresa de Jesus;Clásico Español;2000;1.2.4
Limpieza de sangre;Arturo Pérez-Reverte;Acción y aventuras;1997;1.1.3.2
Linea de Fuego;Arturo Pérez-Reverte;Novela;2020;1.1.3.2
Lo esencial de Escocia;Guia Viva;Manual y guías;2012;3.1.1.2
Lo peor de cada casa;Tom Sharpe;Otro;1995;1.1.1.1
Lo que no te mata, te hace mas fuerte;David Lagercrantz;Thriller;2015;1.1.1.2
Los asesinos del emperador;Santiago Posteguillo;Historia;2011;1.1.1.2
Los cañones del Atardecer;Rick Atkinson;Guerra;2013;3.1.1.3
Los cazadores de Mamuts;Jaen M. Anel ;Novela;1985;1.1.1.1
Los Crimenes de Oxford;Guillermo Martinez;Otro;2005;1.2.2
Los demonios de Berlín;Ignacio del valle;Otro;2009;3.1.1.3
Los escarabajos vuelan al atardecer;María Gripe;Cuento;1979;2.2
Los gritos del pasado;Camilla Läckberg;Otro;2013;3.1.2
Los hombres que no amaban a las mujeres;Stieg Larsson;Otro;2009;3.2.2
Los increíbles;Everest;Infantil;0;2.1
Los niños y el misterio;Iker Jimenez;Novela;2007;1.1.2.2
Los Refugios de piedra;Jaen M. Anel ;Novela;2002;1.1.1.1
Los siete cabritillos y el lobo;Grafalco;Infantil;0;2.1
Maestra;L.S.Hilton;Otro;2016;3.1.2.2
Malinche;Edward Rosset;Novela;2004;1.1.1.1
Manual B-1E;Fedas;Manual y guías;2002;1.2.1
Manual B-2E;Fedas;Manual y guías;2003;1.2.1
Manual de Escalada;Michael Hoffmann;Deportes;0;2.2
Manual de soporte vital basico;Fedas;Manual y guías;2002;1.2.1
Manual de supervivencia;Martines Roca;Manual y guías;0;3.1.1.1
Manual del Marinero;Cuartel GEneral de la Armada;Manual y guías;1983;3.1.1.1
Manual practico de bricolaje;El país;Bricolaje;0;1.1.2.1
Manual practico de bricolaje 2;El país;Bricolaje;0;1.1.2.1
Manual practico ortografía;Larousse;Aprendizaje;1996;2.2
Mao. La historia desconocida;Jung Chang Ijon Halliday;Bibliográfico;1944;1.1.1.2
Mapa de Grecia;Julia Tours;Manual y guías;2010;3.1.1.2
Mapa Italia;Michelin;Manual y guías;2009;3.1.1.2
Mapa Nueva York;Guia Azul;Manual y guías;2016;3.1.1.2
Mapa Scotland;Michelin;Manual y guías;2009;3.1.1.2
Mapas Iceland;bigMap;Manual y guías;2008;3.1.1.2
Maquis Historia de la Guerrilla Antifranquista;Secundino Serrano;Otro;2002;1.2.2
Material sensible ;Rosana;Canciones;2005;1.1.1.2
Matisse;Gerard Durozoi;Arte;1993;1.1.2.1
Mecanica para ingenieros dinamica;Reverté;Educativo;1998;2.2
Mecanografia;Adams;Educativo;1989;3.2.1
Meditaciones Instantaneas;Kerstin Leppert;Otro;2017;2.3
Mensajero de la oscuridad;Alicia Giménez Bartlett;Novela;1999;1.1.2.2
Mi primera Comunion;De Ruth;Religioso;0;3.2.3
Mi vuelta a la vida;Lance Armstrong;Otro;2000;3.2.2
Mini diccionario;Servilibro;Diccionario;0;2.1
Mira como se hace;Otros autores;Educativo;2009;3.1.3.1
Miró;Gerordes Raillard;Arte;1994;1.1.2.1
Monarquia e Imperio;EL pais;Historia;2007;3.2.1
Monet;Jean-Paul Crespelle;Arte;1993;1.1.2.1
Morir bajo tu cielo ;Juan Manuel de Prada;Otro;2014;3.1.2
Morir no es tan facil;Belinda Bauer;Otro;0;3.2.1
Negregos;Alberto Vázquez-Figueroa;Novela;1996;1.1.1.2
Neumococo;Wyeth;Manual y guías;0;3.1.1.1
No somos nadie 2;Pablo Motos;Otro;2005;3.2.1
No te escondo nada;Sylvia Day;Otro;2012;3.1.2.2
Novelas ejemplares;Miguel de Cervantes;Novela;1979;2.1
Novelas Ejemplares;Miguel de Cervantes;Novela;1979;3.1.1.1
Nudos para escaladores;Craig Luebben;Deportes;0;2.1
Nudos para escaladores;Desnivel;Manual y guías;1997;3.1.1.1
Nuevo testamento;Edición Pastoral;Religioso;1989;2.1
Nutrición;Guías de alimentos y nutrición;Cocina;2000;2.2
Observar el cielo a simple vista o con prismaticos;Larousse;Manual y guías;2021;2.1
Once Minutos ;Paulo Coelho;Novela;2009;3.1.1.1
Operación Antropoide;Cuaderno;Otro;0;1.2.2
Organizacion del poder judicial;BOE;Educativo;1991;3.1.3.1
Origen;Dan Brown;Thriller;2017;1.1.1.2
Para Ana (de tu muerto);Nuria Roca y Juan del Val;Novela;2011;1.1.1.2
Password;SM;Diccionario;1996;3.1.3.1
Peces de Canarias;Francisco Lemus Editor;Manual y guías;1999;1.2.2
Pelayo, Rey;Pablo Vega;Novela;2002;1.1.1.1
Perdida;Gillian Flynn;Otro;2013;2.3
Petirrojo;Jo Nesbo;Otro;2014;3.2.1
Piano para dummies;Blake Neely;Educativo;2012;1.1.3.1
Picasso;Daniele Boone;Arte;1993;1.1.2.1
Piratas ;Alberto Vázquez-Figueroa;Novela;1996;1.1.1.2
Plantas de interior;Círculo de lectores;Botánica;2001;1.1.2.2
Por fin vas a enteder de vinos ;Andrés Sánchez Magro;Cocina;2009;2.2
Practicando el poder del ahora;Eckhart Tolle;Autoayuda;0;2.2
Puerto Escondido;Maria Oruña;Novela;2016;3.2.1
Queremos seguir a Jesús;Curro Cervantes;Religioso;2000;2.1
Reflejada en ti;Sylvia Day;Otro;2013;3.1.2.2
Reina en el palacio de las corrientes de aire;Stieg Larsson;Thriller;2007;1.1.1.2
Reina roja;Juan Gomez Jurado ;Novela;2021;1.1.1.1
Renoir;Patrick Bade;Arte;1992;1.1.2.1
Requiem por un campesino español;Ramón J.Sender;Cuento;1950;2.1
Roma ;National Geographic;Manual y guías;2015;2.2
Roma Caput Mundi;Millenium;Otro;0;3.1.1.2
Roma. Grande civilizaciones;Ada Gabucci;Historia;2006;2.2
Romancero ;Desconocido;Clásico Español;2000;1.2.4
Ronin;Francisco Narla;Otro;0;3.2.1
Rueda, Rodando;Guido Quarzo;Infantil;1994;2.1
Sabotaje;Arturo Pérez-Reverte;Otro;2020;1.1.3.2
Sapiens;Yuval Noah Harari;Filosofía;2013;2.2
Secret ;L. Marie Adeline;Otro;2013;3.1.2.2
Seduceme otra véz;Charo Pascual;Novela;1992;1.1.2.2
Sexo en Milan;Ana Milan;Otro;2011;3.2.1
Sidi;Arturo Pérez-Reverte;Acción y aventuras;2019;1.1.3.2
Sidi;Arturo Perez Reverte;Novela;2020;1.1.3.2
Signos y simbolos;Desconocido;Manual y guías;2008;1.2.1
Sin noticias de Gurb ;Eduardo Mendoza;Cuento;1991;2.2
Soldados de Salamina;Javier Cercas ;Otro;2004;1.2.2
Soles negros;Ignacio del valle;Otro;2016;3.1.1.3
Soy Pilgrim ;Terry Hayes;Thriller;2014;1.1.1.1
Super food;Carla Zaplana;Cocina;2016;1.1.2.2
Supera tu alergia ;Ramon Miquel;Manual y guías;0;3.1.1.1
Tecnicas de Modelismo y dioramas;Genesis;Revista;0;3.1.1.1
Territorio comache;Arturo Pérez-Reverte;Acción y aventuras;1994;1.1.3.2
Test de inteligencia emocional;Rosa Martinez Artero;Autoayuda;1994;1.1.2.2
Thats English;Gobierno Canarias;Manual y guías;0;3.1.1.1
The boy in the striped pyjamas;John Boyne;Novela;2006;2.1
the death of Karen Silkwood;Joyce Hannam;Cuento;1993;3.1.1.1
The law of Islamic Governance;Al-Ahkam As-Sultamoyyah;Otro ;0;2.2
The love of a king;Peter Dainty;Cuento;1994;3.1.1.1
Tiempo de cadena La España rota de Fernando VII;Fernando Martínez Laínez;Novela;2008;1.1.1.1
Tormento;Benito Pérez Galdós;Novela;2001;2.2
Trafalgar;Benito Peroz Galdos;Historia;1980;3.1.1.1
Trucos de Alpinismo Escalada y Montañismo;Goli Serrano;Deportes;0;2.1
Tu cuerpo;Sm;Educativo;2000;2.1
Tu suelo Pelvico Ese Gran Desconocido;Raquel Lopez & Elisa Garcia;Otro;2019;2.3
Un día de cólera;Arturo Pérez-Reverte;Acción y aventuras;2007;1.1.3.2
Un ejercito al amanecer;Rick Atkinson;Guerra;2002;3.1.1.3
Un grand Week-end a Lisbonne;Hachette;Manual y guías;2013;2.1
Un grito de amor desde el centro del mundo;Hyoichi Katayama;Otro;2009;2.2
Un Mundo sin Fin;Ken Follett;Novela;2008;3.2.1
Una ciudad medieval;Philip Steefe;Infantil;2008;2.1
Una columna de fuego;Kent Follett;Thriller;2017;1.1.1.2
Una Estrella Roja;Maria Teresa Leon;Otro;1993;3.1.1.1
Una historia de 30 años;El pais;Revista;0;3.1.1.1
Una Historia de la Guerra Civil que no va a gustar a nadie;Juan Eslava Galan ;Otro;2006;1.2.2
Up;El país;Infantil;2010;2.1
Van Gogh;William Feaver;Arte;1992;1.1.2.1
Vendidadas;Zana Muhsen;Novela;1993;1.1.2.2
Venga a nosotros tu reino;Javier Reverte;Otro;2008;3.2.2
Venganza en Sevilla;Matilde Asensi;Otro;2011;1.2.2
Veni, Vidi, Vici;Peter Jones;Historia;2013;2.2
Ver y comprender la pintura;Bernard Rancillac;Arte;1991;1.1.2.1
Very short stories;Jake Allsop;Cuento;1990;3.1.1.1
Vida del Buscón;Francisco de Quevedo;Clásico Español;2000;1.2.4
Viento del este, viento del oeste;Pearl Buck;Otro;2013;3.1.2
Villa diamante;Boris Izaguirre;Novela;2007;1.1.1.2
Viracocha ;Alberto Vázquez-Figueroa;Novela;1987;1.1.1.2
Vuelo Final;Ken Follett;Novela;2016;3.2.1
Waffen SS los soldados del asfalto;John Keegan;Guerra;1979;3.1.1.2
Yo, Julia;Santiago Posteguillo;Historia;2009;1.1.1.2
El Italiano;Arturo Pérez-Reverte;Novela;2021;1.1.3.2
El puño del emperador;ALberto Caliani;Novela;2022;1.1.1.1
Sobrebive de cualquier forma;Christian Morales;Otro;2022;2.1